{"0":{"mll":124.5770095016,"njet":5.0711076163,"nbtag":1.3847824459,"st":622.4707649372,"ht":400.2980890296,"met":89.8856289938,"mjj_max":401.3503276775,"mlb_min":85.5044376095,"mlb_max":197.4378736256,"l0_pt":89.942659201,"l1_pt":42.3443873929,"deltaR_lj_min":0.986034674,"j0_pt":156.0397441118}}