{"0":{"mll":125.3976546513,"njet":5.0784842358,"nbtag":1.3843705534,"st":624.5874443394,"ht":401.5486155967,"met":89.5113193665,"mjj_max":402.6891772509,"mlb_min":85.2099885653,"mlb_max":198.6272181783,"l0_pt":91.0571643161,"l1_pt":42.4703449286,"deltaR_lj_min":0.9849693879,"j0_pt":156.7818520417}}