{"0":{"mll":101.5938689773,"njet":1.211100852,"nbtag":0.5383608923,"st":287.5623060676,"ht":222.3519079018,"met":67.4960217039,"mjj_max":398.7639265826,"mlb_min":49.0820312582,"mlb_max":128.2192304221,"l0_pt":60.6001535547,"l1_pt":27.3688105101,"deltaR_lj_min":0.4193947612,"j0_pt":108.9506092575}}