{"0":{"mll":100.9160024794,"njet":1.2238578395,"nbtag":0.5440160173,"st":292.4674514708,"ht":226.9661959557,"met":67.809138922,"mjj_max":394.1555302518,"mlb_min":48.8324594822,"mlb_max":132.0488452134,"l0_pt":61.4124348447,"l1_pt":27.0949471453,"deltaR_lj_min":0.419578543,"j0_pt":111.7677993587}}